BLEU,ROUGE-L,METEOR,BERTScore_F1,Cosine_Similarity
0.00274057940925154,0.11775832819915759,0.09013792520944613,0.4923395413747976,0.47739142
