BLEU,ROUGE-L,METEOR,BERTScore_F1,Cosine_Similarity
0.0029716771016196812,0.0938740116823284,0.07711562914739023,0.4523027070931026,0.35100025
