BLEU,ROUGE-L,METEOR,BERTScore_F1,Cosine_Similarity
0.0013272728799062347,0.053811208242669835,0.12925862684659237,0.5216556234019143,0.46041772
