BLEU,ROUGE-L,METEOR,BERTScore_F1,Cosine_Similarity
0.0021277030778499156,0.09630786935745884,0.07757489180083438,0.4513869581755644,0.34734926
