BLEU,ROUGE-L,METEOR,BERTScore_F1,Cosine_Similarity
0.0027521278214388163,0.08683381738650305,0.06834780741601154,0.432362534429716,0.29415795
